row,before,after,b_gid,b_date,b_idx,a_gid,a_date,a_idx,status,reason
1,[画像1-1]_230421_1_num2_0.5875.jpg,[画像1-2] _230421_0_num1_0.7724.jpg,1,230421,1,1,230421,0,OK,
2,[画像1-1]_230421_1_num0_0.7091.jpg,[画像1-2] _230421_0_num0_0.7909.jpg,1,230421,1,1,230421,0,OK,
3,[画像1-1]_230421_1_num1_0.5838.jpg,[画像1-2] _230421_0_num2_0.7448.jpg,1,230421,1,1,230421,0,OK,
4,[画像1-1]_230421_1_num3_0.5933.jpg,[画像1-2] _230421_0_num3_0.7018.jpg,1,230421,1,1,230421,0,OK,
5,[画像2-1]_230421_3_num2_0.6964.jpg,[画像2-2]_230421_2_num2_0.7305.jpg,2,230421,3,2,230421,2,OK,
6,[画像2-1]_230421_3_num1_0.7153.jpg,[画像2-2]_230421_2_num3_0.7547.jpg,2,230421,3,2,230421,2,OK,
7,[画像2-1]_230421_3_num4_0.6579.jpg,[画像2-2]_230421_2_num1_0.7322.jpg,2,230421,3,2,230421,2,OK,
8,[画像2-1]_230421_3_num3_0.6743.jpg,[画像2-2]_230421_2_num0_0.7406.jpg,2,230421,3,2,230421,2,OK,
9,[画像2-1]_230421_3_num0_0.7162.jpg,[画像2-2]_230421_2_num4_0.7380.jpg,2,230421,3,2,230421,2,OK,
10,[画像3-1]_230421_5_num1_0.6810.jpg,[画像3-2]_230421_4_num0_0.7475.jpg,3,230421,5,3,230421,4,OK,
11,[画像3-1]_230421_5_num0_0.6697.jpg,[画像3-2]_230421_4_num1_0.7542.jpg,3,230421,5,3,230421,4,OK,
12,[画像3-1]_230421_5_num3_0.6113.jpg,[画像3-2]_230421_4_num3_0.6989.jpg,3,230421,5,3,230421,4,OK,
13,[画像3-1]_230421_5_num2_0.6441.jpg,[画像3-2]_230421_4_num2_0.7284.jpg,3,230421,5,3,230421,4,OK,
14,[画像4-1]_230421_7_num2_0.6593.jpg,[画像4-2]_230421_6_num2_0.7359.jpg,4,230421,7,4,230421,6,OK,
15,[画像4-1]_230421_7_num0_0.6946.jpg,[画像4-2]_230421_6_num0_0.7462.jpg,4,230421,7,4,230421,6,OK,
16,[画像4-1]_230421_7_num3_0.5948.jpg,[画像4-2]_230421_6_num1_0.6878.jpg,4,230421,7,4,230421,6,OK,
17,[画像4-1]_230421_7_num1_0.6591.jpg,[画像4-2]_230421_6_num3_0.7229.jpg,4,230421,7,4,230421,6,OK,
18,nan,nan,,,,,,,MISSING_BOTH,both empty or unparsable
19,[画像5-1]_230421_9_num0_0.6681.jpg,[画像5-2]_230421_8_num0_0.7840.jpg,5,230421,9,5,230421,8,OK,
20,[画像5-1]_230421_9_num5_0.5000.jpg,[画像5-2]_230421_8_num5_0.5680.jpg,5,230421,9,5,230421,8,OK,
21,[画像5-1]_230421_9_num1_0.6161.jpg,[画像5-2]_230421_8_num1_0.7219.jpg,5,230421,9,5,230421,8,OK,
22,[画像5-1]_230421_9_num4_0.5604.jpg,[画像5-2]_230421_8_num2_0.6837.jpg,5,230421,9,5,230421,8,OK,
23,nan,nan,,,,,,,MISSING_BOTH,both empty or unparsable
24,nan,nan,,,,,,,MISSING_BOTH,both empty or unparsable
25,[画像5-1]_230421_9_num2_0.6017.jpg,[画像5-2]_230421_8_num3_0.6820.jpg,5,230421,9,5,230421,8,OK,
26,[画像5-1]_230421_9_num3_0.5731.jpg,[画像5-2]_230421_8_num4_0.5512.jpg,5,230421,9,5,230421,8,OK,
27,[画像6-1]_230421_11_num4_0.6773.jpg,[画像6-2]_230421_10_num2_0.6882.jpg,6,230421,11,6,230421,10,OK,
28,[画像6-1]_230421_11_num0_0.7490.jpg,[画像6-2]_230421_10_num1_0.7518.jpg,6,230421,11,6,230421,10,OK,
29,[画像6-1]_230421_11_num2_0.6860.jpg,[画像6-2]_230421_10_num3_0.7072.jpg,6,230421,11,6,230421,10,OK,
30,[画像6-1]_230421_11_num3_0.7006.jpg,[画像6-2]_230421_10_num0_0.7190.jpg,6,230421,11,6,230421,10,OK,
31,[画像6-1]_230421_11_num1_0.6856.jpg,[画像6-2]_230421_10_num4_0.7072.jpg,6,230421,11,6,230421,10,OK,
32,[画像7-1]_230421_13_num1_0.6261.jpg,[画像7-2]_230421_12_num2_0.6520.jpg,7,230421,13,7,230421,12,OK,
33,nan,nan,,,,,,,MISSING_BOTH,both empty or unparsable
34,nan,nan,,,,,,,MISSING_BOTH,both empty or unparsable
35,nan,nan,,,,,,,MISSING_BOTH,both empty or unparsable
36,[画像7-1]_230421_13_num0_0.6742.jpg,[画像7-2]_230421_12_num0_0.7695.jpg,7,230421,13,7,230421,12,OK,
37,[画像7-1]_230421_13_num3_0.5608.jpg,[画像7-2]_230421_12_num1_0.6672.jpg,7,230421,13,7,230421,12,OK,
38,[画像7-1]_230421_13_num2_0.5707.jpg,[画像7-2]_230421_12_num3_0.5608.jpg,7,230421,13,7,230421,12,OK,
39,[画像8-1]_230421_15_num1_0.5903.jpg,[画像8-2]_230421_14_num1_0.6373.jpg,8,230421,15,8,230421,14,OK,
40,[画像8-1]_230421_15_num0_0.6076.jpg,[画像8-2]_230421_14_num0_0.6799.jpg,8,230421,15,8,230421,14,OK,
41,[画像8-1]_230421_15_num2_0.5398.jpg,[画像8-2]_230421_14_num2_0.6049.jpg,8,230421,15,8,230421,14,OK,
42,[画像8-1]_230421_15_num3_0.5397.jpg,[画像8-2]_230421_14_num3_0.5765.jpg,8,230421,15,8,230421,14,OK,
43,nan,nan,,,,,,,MISSING_BOTH,both empty or unparsable
44,[画像9-1]_230421_17_num1_0.5773.jpg,[画像9-2]_230421_16_num1_0.7161.jpg,9,230421,17,9,230421,16,OK,
45,[画像9-1]_230421_17_num0_0.6161.jpg,[画像9-2]_230421_16_num0_0.7763.jpg,9,230421,17,9,230421,16,OK,
46,[画像9-1]_230421_17_num2_0.5244.jpg,[画像9-2]_230421_16_num2_0.6744.jpg,9,230421,17,9,230421,16,OK,
47,[画像9-1]_230421_17_num3_0.4261.jpg,[画像9-2]_230421_16_num3_0.6142.jpg,9,230421,17,9,230421,16,OK,
48,nan,nan,,,,,,,MISSING_BOTH,both empty or unparsable
49,nan,nan,,,,,,,MISSING_BOTH,both empty or unparsable
50,[画像10-1]_230421_19_num0_0.6831.jpg,[画像10-2]_230421_18_num0_0.7333.jpg,10,230421,19,10,230421,18,OK,
51,[画像10-1]_230421_19_num4_0.4693.jpg,[画像10-2]_230421_18_num4_0.5844.jpg,10,230421,19,10,230421,18,OK,
52,[画像10-1]_230421_19_num3_0.5351.jpg,[画像10-2]_230421_18_num2_0.6377.jpg,10,230421,19,10,230421,18,OK,
53,[画像10-1]_230421_19_num2_0.5224.jpg,[画像10-2]_230421_18_num3_0.5959.jpg,10,230421,19,10,230421,18,OK,
54,[画像11-1]_230421_21_num0_0.7158.jpg,[画像11-2]_230421_20_num0_0.6866.jpg,11,230421,21,11,230421,20,OK,
55,[画像11-1]_230421_21_num2_0.7361.jpg,[画像11-2]_230421_20_num1_0.7129.jpg,11,230421,21,11,230421,20,OK,
56,[画像11-1]_230421_21_num3_0.6514.jpg,[画像11-2]_230421_20_num3_0.5938.jpg,11,230421,21,11,230421,20,OK,
57,[画像11-1]_230421_21_num1_0.7227.jpg,[画像11-2]_230421_20_num2_0.7136.jpg,11,230421,21,11,230421,20,OK,
58,nan,nan,,,,,,,MISSING_BOTH,both empty or unparsable
59,[画像12-1]_230421_23_num2_0.5880.jpg,[画像12-2]_230421_22_num2_0.7050.jpg,12,230421,23,12,230421,22,OK,
60,[画像12-1]_230421_23_num3_0.5598.jpg,[画像12-2]_230421_22_num3_0.6348.jpg,12,230421,23,12,230421,22,OK,
61,[画像12-1]_230421_23_num0_0.6650.jpg,[画像12-2]_230421_22_num0_0.7459.jpg,12,230421,23,12,230421,22,OK,
62,[画像12-1]_230421_23_num1_0.6071.jpg,[画像12-2]_230421_22_num1_0.6912.jpg,12,230421,23,12,230421,22,OK,
63,[画像13-1]_230421_25_num2_0.5720.jpg,[画像13-2]_230421_24_num2_0.6246.jpg,13,230421,25,13,230421,24,OK,
64,[画像13-1]_230421_25_num3_0.5494.jpg,[画像13-2]_230421_24_num3_0.6222.jpg,13,230421,25,13,230421,24,OK,
65,[画像13-1]_230421_25_num0_0.6412.jpg,[画像13-2]_230421_24_num1_0.6806.jpg,13,230421,25,13,230421,24,OK,
66,[画像13-1]_230421_25_num1_0.6467.jpg,[画像13-2]_230421_24_num0_0.7027.jpg,13,230421,25,13,230421,24,OK,
67,[画像14-1]_230421_27_num2_0.5783.jpg,[画像14-2]_230421_26_num0_0.6589.jpg,14,230421,27,14,230421,26,OK,
68,[画像14-1]_230421_27_num3_0.4891.jpg,[画像14-2]_230421_26_num2_0.6146.jpg,14,230421,27,14,230421,26,OK,
69,[画像14-1]_230421_27_num1_0.6068.jpg,[画像14-2]_230421_26_num1_0.6326.jpg,14,230421,27,14,230421,26,OK,
70,[画像14-1]_230421_27_num0_0.6320.jpg,[画像14-2]_230421_26_num3_0.6861.jpg,14,230421,27,14,230421,26,OK,
71,[画像15-1]_230421_29_num4_0.6347.jpg,[画像15-2]_230421_28_num3_0.6614.jpg,15,230421,29,15,230421,28,OK,
72,[画像15-1]_230421_29_num0_0.7480.jpg,[画像15-2]_230421_28_num0_0.7704.jpg,15,230421,29,15,230421,28,OK,
73,[画像15-1]_230421_29_num1_0.7004.jpg,[画像15-2]_230421_28_num1_0.7231.jpg,15,230421,29,15,230421,28,OK,
74,[画像15-1]_230421_29_num3_0.6943.jpg,[画像15-2]_230421_28_num2_0.7100.jpg,15,230421,29,15,230421,28,OK,
75,nan,nan,,,,,,,MISSING_BOTH,both empty or unparsable
76,[画像16-1]_230421_31_num3_0.5540.jpg,[画像16-2]_230421_30_num2_0.5931.jpg,16,230421,31,16,230421,30,OK,
77,[画像16-1]_230421_31_num0_0.7263.jpg,[画像16-2]_230421_30_num0_0.7344.jpg,16,230421,31,16,230421,30,OK,
78,[画像16-1]_230421_31_num2_0.5987.jpg,[画像16-2]_230421_30_num3_0.5882.jpg,16,230421,31,16,230421,30,OK,
79,[画像16-1]_230421_31_num1_0.6015.jpg,[画像16-2]_230421_30_num1_0.6411.jpg,16,230421,31,16,230421,30,OK,
80,nan,nan,,,,,,,MISSING_BOTH,both empty or unparsable
81,[画像17-1]_230421_33_num4_0.5839.jpg,[画像17-2]_230421_32_num3_0.6402.jpg,17,230421,33,17,230421,32,OK,
82,[画像17-1]_230421_33_num0_0.7034.jpg,[画像17-2]_230421_32_num0_0.7431.jpg,17,230421,33,17,230421,32,OK,
83,[画像17-1]_230421_33_num2_0.6165.jpg,[画像17-2]_230421_32_num2_0.6445.jpg,17,230421,33,17,230421,32,OK,
84,[画像17-1]_230421_33_num1_0.6174.jpg,[画像17-2]_230421_32_num4_0.5341.jpg,17,230421,33,17,230421,32,OK,
85,[画像17-1]_230421_33_num3_0.6415.jpg,[画像17-2]_230421_32_num1_0.6952.jpg,17,230421,33,17,230421,32,OK,
86,nan,nan,,,,,,,MISSING_BOTH,both empty or unparsable
87,[画像18-1]_230421_35_num3_0.6242.jpg,[画像18-2]_230421_34_num3_0.6845.jpg,18,230421,35,18,230421,34,OK,
88,[画像18-1]_230421_35_num4_0.5320.jpg,[画像18-2]_230421_34_num4_0.4774.jpg,18,230421,35,18,230421,34,OK,
89,[画像18-1]_230421_35_num0_0.7020.jpg,[画像18-2]_230421_34_num1_0.7391.jpg,18,230421,35,18,230421,34,OK,
90,[画像18-1]_230421_35_num1_0.7004.jpg,[画像18-2]_230421_34_num0_0.7344.jpg,18,230421,35,18,230421,34,OK,
91,[画像18-1]_230421_35_num2_0.6692.jpg,[画像18-2]_230421_34_num2_0.7021.jpg,18,230421,35,18,230421,34,OK,
92,nan,nan,,,,,,,MISSING_BOTH,both empty or unparsable
93,[画像19-1]_230421_37_num4_0.6414.jpg,[画像19-2]_230421_36_num3_0.6807.jpg,19,230421,37,19,230421,36,OK,
94,[画像19-1]_230421_37_num0_0.7109.jpg,[画像19-2]_230421_36_num0_0.7262.jpg,19,230421,37,19,230421,36,OK,
95,[画像19-1]_230421_37_num3_0.6742.jpg,[画像19-2]_230421_36_num4_0.6539.jpg,19,230421,37,19,230421,36,OK,
96,[画像19-1]_230421_37_num2_0.6911.jpg,[画像19-2]_230421_36_num2_0.7007.jpg,19,230421,37,19,230421,36,OK,
97,[画像19-1]_230421_37_num1_0.6928.jpg,[画像19-2]_230421_36_num1_0.7241.jpg,19,230421,37,19,230421,36,OK,
98,[画像20-1]_230421_39_num1_0.6198.jpg,[画像20-2]_230421_38_num1_0.7065.jpg,20,230421,39,20,230421,38,OK,
99,nan,nan,,,,,,,MISSING_BOTH,both empty or unparsable
100,nan,nan,,,,,,,MISSING_BOTH,both empty or unparsable
101,[画像20-1]_230421_39_num0_0.6895.jpg,[画像20-2]_230421_38_num0_0.7492.jpg,20,230421,39,20,230421,38,OK,
102,[画像20-1]_230421_39_num3_0.5897.jpg,[画像20-2]_230421_38_num2_0.6532.jpg,20,230421,39,20,230421,38,OK,
103,[画像20-1]_230421_39_num2_0.6008.jpg,[画像20-2]_230421_38_num3_0.6587.jpg,20,230421,39,20,230421,38,OK,
104,[画像21-1]_230421_41_num0_0.6246.jpg,[画像21-2]_230421_40_num0_0.7023.jpg,21,230421,41,21,230421,40,OK,
105,nan,nan,,,,,,,MISSING_BOTH,both empty or unparsable
106,nan,nan,,,,,,,MISSING_BOTH,both empty or unparsable
107,[画像21-1]_230421_41_num1_0.6192.jpg,[画像21-2]_230421_40_num1_0.6532.jpg,21,230421,41,21,230421,40,OK,
108,[画像21-1]_230421_41_num3_0.5836.jpg,[画像21-2]_230421_40_num2_0.6322.jpg,21,230421,41,21,230421,40,OK,
109,[画像21-1]_230421_41_num2_0.5870.jpg,[画像21-2]_230421_40_num3_0.6423.jpg,21,230421,41,21,230421,40,OK,
110,[画像21-1]_230421_41_num4_0.4494.jpg,[画像21-2]_230421_40_num4_0.5485.jpg,21,230421,41,21,230421,40,OK,
111,nan,nan,,,,,,,MISSING_BOTH,both empty or unparsable
112,[画像22-1]_230421_43_num3_0.6225.jpg,[画像22-2]_230421_42_num1_0.7030.jpg,22,230421,43,22,230421,42,OK,
113,nan,nan,,,,,,,MISSING_BOTH,both empty or unparsable
114,nan,nan,,,,,,,MISSING_BOTH,both empty or unparsable
115,[画像22-1]_230421_43_num0_0.6648.jpg,[画像22-2]_230421_42_num2_0.7016.jpg,22,230421,43,22,230421,42,OK,
116,[画像22-1]_230421_43_num4_0.6187.jpg,[画像22-2]_230421_42_num3_0.6721.jpg,22,230421,43,22,230421,42,OK,
117,[画像22-1]_230421_43_num1_0.6340.jpg,[画像22-2]_230421_42_num4_0.6617.jpg,22,230421,43,22,230421,42,OK,
118,[画像22-1]_230421_43_num2_0.6545.jpg,[画像22-2]_230421_42_num0_0.7134.jpg,22,230421,43,22,230421,42,OK,
119,[画像23-1]_230421_45_num1_0.6501.jpg,[画像23-2]_230421_44_num2_0.6460.jpg,23,230421,45,23,230421,44,OK,
120,nan,nan,,,,,,,MISSING_BOTH,both empty or unparsable
121,nan,nan,,,,,,,MISSING_BOTH,both empty or unparsable
122,[画像23-1]_230421_45_num3_0.6677.jpg,[画像23-2]_230421_44_num0_0.7399.jpg,23,230421,45,23,230421,44,OK,
123,[画像23-1]_230421_45_num2_0.6169.jpg,[画像23-2]_230421_44_num3_0.5729.jpg,23,230421,45,23,230421,44,OK,
124,[画像23-1]_230421_45_num4_0.5289.jpg,[画像23-2]_230421_44_num4_0.4146.jpg,23,230421,45,23,230421,44,OK,
125,[画像23-1]_230421_45_num0_0.6748.jpg,[画像23-2]_230421_44_num1_0.6874.jpg,23,230421,45,23,230421,44,OK,
126,[画像24-1]_230421_47_num3_0.6567.jpg,[画像24-2]_230421_46_num2_0.6960.jpg,24,230421,47,24,230421,46,OK,
127,[画像24-1]_230421_47_num4_0.5712.jpg,[画像24-2]_230421_46_num4_0.5938.jpg,24,230421,47,24,230421,46,OK,
128,[画像24-1]_230421_47_num2_0.6729.jpg,[画像24-2]_230421_46_num3_0.6763.jpg,24,230421,47,24,230421,46,OK,
129,[画像24-1]_230421_47_num1_0.7008.jpg,[画像24-2]_230421_46_num1_0.7145.jpg,24,230421,47,24,230421,46,OK,
130,[画像24-1]_230421_47_num0_0.7121.jpg,[画像24-2]_230421_46_num0_0.7339.jpg,24,230421,47,24,230421,46,OK,
131,[画像25-1]_230421_49_num1_0.6678.jpg,[画像25-2]_230421_48_num1_0.7055.jpg,25,230421,49,25,230421,48,OK,
132,[画像25-1]_230421_49_num0_0.7063.jpg,[画像25-2]_230421_48_num0_0.7324.jpg,25,230421,49,25,230421,48,OK,
133,[画像25-1]_230421_49_num2_0.6373.jpg,[画像25-2]_230421_48_num3_0.6464.jpg,25,230421,49,25,230421,48,OK,
134,[画像25-1]_230421_49_num4_0.5923.jpg,[画像25-2]_230421_48_num4_0.6391.jpg,25,230421,49,25,230421,48,OK,
135,nan,nan,,,,,,,MISSING_BOTH,both empty or unparsable
136,[画像25-1]_230421_49_num3_0.5972.jpg,[画像25-2]_230421_48_num2_0.6616.jpg,25,230421,49,25,230421,48,OK,
137,[画像26-1]_230421_51_num4_0.6224.jpg,[画像26-2]_230421_50_num3_0.7018.jpg,26,230421,51,26,230421,50,OK,
138,[画像26-1]_230421_51_num0_0.6904.jpg,[画像26-2]_230421_50_num4_0.7431.jpg,26,230421,51,26,230421,50,OK,
139,[画像26-1]_230421_51_num1_0.6772.jpg,[画像26-2]_230421_50_num0_0.7320.jpg,26,230421,51,26,230421,50,OK,
140,[画像26-1]_230421_51_num2_0.6789.jpg,[画像26-2]_230421_50_num2_0.7243.jpg,26,230421,51,26,230421,50,OK,
141,[画像26-1]_230421_51_num3_0.6603.jpg,[画像26-2]_230421_50_num1_0.7326.jpg,26,230421,51,26,230421,50,OK,
142,[画像27-1]_230421_53_num3_0.5561.jpg,[画像27-2]_230421_52_num2_0.6122.jpg,27,230421,53,27,230421,52,OK,
143,[画像27-1]_230421_53_num0_0.7356.jpg,[画像27-2]_230421_52_num0_0.7594.jpg,27,230421,53,27,230421,52,OK,
144,[画像27-1]_230421_53_num1_0.6521.jpg,[画像27-2]_230421_52_num1_0.7079.jpg,27,230421,53,27,230421,52,OK,
145,[画像27-1]_230421_53_num2_0.5332.jpg,[画像27-2]_230421_52_num3_0.5585.jpg,27,230421,53,27,230421,52,OK,
146,[画像28-1]_230421_55_num3_0.6162.jpg,[画像28-2]_230421_54_num3_0.6778.jpg,28,230421,55,28,230421,54,OK,
147,[画像28-1]_230421_55_num0_0.7348.jpg,[画像28-2]_230421_54_num0_0.7722.jpg,28,230421,55,28,230421,54,OK,
148,[画像28-1]_230421_55_num4_0.5883.jpg,[画像28-2]_230421_54_num4_0.6582.jpg,28,230421,55,28,230421,54,OK,
149,[画像28-1]_230421_55_num2_0.6293.jpg,[画像28-2]_230421_54_num2_0.6771.jpg,28,230421,55,28,230421,54,OK,
150,[画像28-1]_230421_55_num1_0.6550.jpg,[画像28-2]_230421_54_num1_0.7134.jpg,28,230421,55,28,230421,54,OK,
151,[画像29-1]_230421_57_num0_0.7806.jpg,[画像29-2]_230421_56_num0_0.7665.jpg,29,230421,57,29,230421,56,OK,
152,[画像29-1]_230421_57_num2_0.6464.jpg,[画像29-2]_230421_56_num2_0.6606.jpg,29,230421,57,29,230421,56,OK,
153,[画像29-1]_230421_57_num1_0.6772.jpg,[画像29-2]_230421_56_num1_0.6934.jpg,29,230421,57,29,230421,56,OK,
154,[画像30-1]_230421_59_num0_0.6551.jpg,[画像30-2]_230421_58_num1_0.7308.jpg,30,230421,59,30,230421,58,OK,
155,[画像30-1]_230421_59_num1_0.6720.jpg,[画像30-2]_230421_58_num0_0.7530.jpg,30,230421,59,30,230421,58,OK,
156,[画像30-1]_230421_59_num3_0.6271.jpg,[画像30-2]_230421_58_num3_0.6415.jpg,30,230421,59,30,230421,58,OK,
157,[画像30-1]_230421_59_num2_0.6238.jpg,[画像30-2]_230421_58_num2_0.7125.jpg,30,230421,59,30,230421,58,OK,
158,nan,nan,,,,,,,MISSING_BOTH,both empty or unparsable
159,[画像31-1]_230421_61_num0_0.6571.jpg,[画像31-2]_230421_60_num1_0.6906.jpg,31,230421,61,31,230421,60,OK,
160,[画像31-1]_230421_61_num1_0.6917.jpg,[画像31-2]_230421_60_num0_0.7219.jpg,31,230421,61,31,230421,60,OK,
161,[画像31-1]_230421_61_num3_0.5742.jpg,[画像31-2]_230421_60_num4_0.5886.jpg,31,230421,61,31,230421,60,OK,
162,[画像31-1]_230421_61_num2_0.6047.jpg,[画像31-2]_230421_60_num2_0.6555.jpg,31,230421,61,31,230421,60,OK,
163,[画像31-1]_230421_61_num4_0.5732.jpg,[画像31-2]_230421_60_num3_0.6006.jpg,31,230421,61,31,230421,60,OK,
164,nan,nan,,,,,,,MISSING_BOTH,both empty or unparsable
165,[画像32-1]_230421_63_num4_0.6034.jpg,[画像32-2]_230421_62_num4_0.5921.jpg,32,230421,63,32,230421,62,OK,
166,[画像32-1]_230421_63_num0_0.7290.jpg,[画像32-2]_230421_62_num0_0.7405.jpg,32,230421,63,32,230421,62,OK,
167,[画像32-1]_230421_63_num3_0.6575.jpg,[画像32-2]_230421_62_num3_0.5965.jpg,32,230421,63,32,230421,62,OK,
168,[画像32-1]_230421_63_num1_0.6797.jpg,[画像32-2]_230421_62_num2_0.6627.jpg,32,230421,63,32,230421,62,OK,
169,[画像32-1]_230421_63_num2_0.6556.jpg,[画像32-2]_230421_62_num1_0.6510.jpg,32,230421,63,32,230421,62,OK,
170,[画像33-1]_230421_65_num3_0.6064.jpg,[画像33-2]_230421_64_num1_0.6794.jpg,33,230421,65,33,230421,64,OK,
171,[画像33-1]_230421_65_num0_0.7200.jpg,[画像33-2]_230421_64_num0_0.7716.jpg,33,230421,65,33,230421,64,OK,
172,[画像33-1]_230421_65_num2_0.6180.jpg,[画像33-2]_230421_64_num2_0.6807.jpg,33,230421,65,33,230421,64,OK,
173,[画像33-1]_230421_65_num1_0.6291.jpg,[画像33-2]_230421_64_num3_0.6545.jpg,33,230421,65,33,230421,64,OK,
174,[画像34-1]_230421_66_num1_0.6357.jpg,[画像34-2]_230421_67_num1_0.6983.jpg,34,230421,66,34,230421,67,OK,
175,nan,nan,,,,,,,MISSING_BOTH,both empty or unparsable
176,nan,nan,,,,,,,MISSING_BOTH,both empty or unparsable
177,[画像34-1]_230421_66_num0_0.6495.jpg,[画像34-2]_230421_67_num0_0.7201.jpg,34,230421,66,34,230421,67,OK,
178,[画像34-1]_230421_66_num4_0.6347.jpg,[画像34-2]_230421_67_num2_0.6912.jpg,34,230421,66,34,230421,67,OK,
179,[画像34-1]_230421_66_num3_0.5873.jpg,[画像34-2]_230421_67_num4_0.6590.jpg,34,230421,66,34,230421,67,OK,
180,nan,nan,,,,,,,MISSING_BOTH,both empty or unparsable
181,[画像34-1]_230421_66_num2_0.5827.jpg,[画像34-2]_230421_67_num3_0.6645.jpg,34,230421,66,34,230421,67,OK,
182,[画像35-1]_230421_69_num1_0.5829.jpg,[画像35-2]_230421_68_num0_0.6729.jpg,35,230421,69,35,230421,68,OK,
183,[画像35-1]_230421_69_num0_0.6252.jpg,[画像35-2]_230421_68_num1_0.6939.jpg,35,230421,69,35,230421,68,OK,
184,[画像35-1]_230421_69_num2_0.5936.jpg,[画像35-2]_230421_68_num3_0.6499.jpg,35,230421,69,35,230421,68,OK,
185,[画像35-1]_230421_69_num3_0.5682.jpg,[画像35-2]_230421_68_num4_0.6009.jpg,35,230421,69,35,230421,68,OK,
186,[画像35-1]_230421_69_num4_0.5606.jpg,[画像35-2]_230421_68_num2_0.6361.jpg,35,230421,69,35,230421,68,OK,
187,nan,nan,,,,,,,MISSING_BOTH,both empty or unparsable
188,nan,nan,,,,,,,MISSING_BOTH,both empty or unparsable
189,nan,nan,,,,,,,MISSING_BOTH,both empty or unparsable
190,[画像36-1]_230421_71_num0_0.6597.jpg,[画像36-2]_230421_70_num0_0.7124.jpg,36,230421,71,36,230421,70,OK,
191,[画像36-1]_230421_71_num2_0.5115.jpg,[画像36-2]_230421_70_num2_0.6008.jpg,36,230421,71,36,230421,70,OK,
192,[画像36-1]_230421_71_num1_0.5640.jpg,[画像36-2]_230421_70_num1_0.6078.jpg,36,230421,71,36,230421,70,OK,
193,nan,nan,,,,,,,MISSING_BOTH,both empty or unparsable
194,nan,nan,,,,,,,MISSING_BOTH,both empty or unparsable
195,[画像37-1]_230421_73_num2_0.5722.jpg,[画像37-2]_230421_72_num0_0.6818.jpg,37,230421,73,37,230421,72,OK,
196,nan,nan,,,,,,,MISSING_BOTH,both empty or unparsable
197,nan,nan,,,,,,,MISSING_BOTH,both empty or unparsable
198,[画像37-1]_230421_73_num1_0.5781.jpg,[画像37-2]_230421_72_num2_0.6637.jpg,37,230421,73,37,230421,72,OK,
199,[画像37-1]_230421_73_num4_0.5424.jpg,[画像37-2]_230421_72_num3_0.6411.jpg,37,230421,73,37,230421,72,OK,
200,[画像37-1]_230421_73_num0_0.5945.jpg,[画像37-2]_230421_72_num1_0.6737.jpg,37,230421,73,37,230421,72,OK,
201,[画像37-1]_230421_73_num3_0.5759.jpg,[画像37-2]_230421_72_num4_0.6764.jpg,37,230421,73,37,230421,72,OK,
202,[画像38-1]_230421_74_num0_0.6472.jpg,[画像38-2]_230421_75_num0_0.7691.jpg,38,230421,74,38,230421,75,OK,
203,[画像38-1]_230421_74_num1_0.5925.jpg,[画像38-2]_230421_75_num3_0.6649.jpg,38,230421,74,38,230421,75,OK,
204,[画像38-1]_230421_74_num2_0.5587.jpg,[画像38-2]_230421_75_num2_0.7165.jpg,38,230421,74,38,230421,75,OK,
205,[画像38-1]_230421_74_num3_0.5270.jpg,[画像38-2]_230421_75_num1_0.7470.jpg,38,230421,74,38,230421,75,OK,
206,nan,nan,,,,,,,MISSING_BOTH,both empty or unparsable
207,[画像39-1]_230421_76_num3_0.5631.jpg,[画像39-2]_230421_77_num1_0.6619.jpg,39,230421,76,39,230421,77,OK,
208,[画像39-1]_230421_76_num0_0.6341.jpg,[画像39-2]_230421_77_num0_0.7436.jpg,39,230421,76,39,230421,77,OK,
209,[画像39-1]_230421_76_num2_0.5712.jpg,[画像39-2]_230421_77_num2_0.6752.jpg,39,230421,76,39,230421,77,OK,
210,[画像39-1]_230421_76_num1_0.5891.jpg,[画像39-2]_230421_77_num3_0.5872.jpg,39,230421,76,39,230421,77,OK,
211,[画像40-1]_230421_79_num2_0.5820.jpg,[画像40-2]_230421_78_num0_0.7203.jpg,40,230421,79,40,230421,78,OK,
212,[画像40-1]_230421_79_num0_0.6915.jpg,[画像40-2]_230421_78_num3_0.7393.jpg,40,230421,79,40,230421,78,OK,
213,[画像40-1]_230421_79_num1_0.6009.jpg,[画像40-2]_230421_78_num1_0.7206.jpg,40,230421,79,40,230421,78,OK,
214,[画像40-1]_230421_79_num3_0.5762.jpg,[画像40-2]_230421_78_num2_0.7095.jpg,40,230421,79,40,230421,78,OK,
215,[画像41-1]_230421_80_num1_0.6818.jpg,[画像41-2]_230421_81_num1_0.7086.jpg,41,230421,80,41,230421,81,OK,
216,[画像41-1]_230421_80_num0_0.6985.jpg,[画像41-2]_230421_81_num0_0.7165.jpg,41,230421,80,41,230421,81,OK,
217,[画像41-1]_230421_80_num2_0.6094.jpg,[画像41-2]_230421_81_num2_0.6486.jpg,41,230421,80,41,230421,81,OK,
218,[画像41-1]_230421_80_num3_0.5695.jpg,[画像41-2]_230421_81_num3_0.6141.jpg,41,230421,80,41,230421,81,OK,
219,nan,nan,,,,,,,MISSING_BOTH,both empty or unparsable
220,[画像42-1]_230421_83_num4_0.5775.jpg,[画像42-2]_230421_82_num1_0.6360.jpg,42,230421,83,42,230421,82,OK,
221,[画像42-1]_230421_83_num0_0.6630.jpg,[画像42-2]_230421_82_num2_0.6640.jpg,42,230421,83,42,230421,82,OK,
222,[画像42-1]_230421_83_num2_0.6179.jpg,[画像42-2]_230421_82_num4_0.6004.jpg,42,230421,83,42,230421,82,OK,
223,[画像42-1]_230421_83_num3_0.5983.jpg,[画像42-2]_230421_82_num3_0.6006.jpg,42,230421,83,42,230421,82,OK,
224,[画像42-1]_230421_83_num1_0.5960.jpg,[画像42-2]_230421_82_num0_0.6367.jpg,42,230421,83,42,230421,82,OK,
225,[画像43-1]_230421_84_num2_0.6024.jpg,[画像43-2]_230421_85_num1_0.6566.jpg,43,230421,84,43,230421,85,OK,
226,[画像43-1]_230421_84_num0_0.6232.jpg,[画像43-2]_230421_85_num0_0.6622.jpg,43,230421,84,43,230421,85,OK,
227,[画像43-1]_230421_84_num3_0.5878.jpg,[画像43-2]_230421_85_num2_0.6486.jpg,43,230421,84,43,230421,85,OK,
228,[画像43-1]_230421_84_num4_0.5527.jpg,[画像43-2]_230421_85_num4_0.5683.jpg,43,230421,84,43,230421,85,OK,
229,[画像43-1]_230421_84_num5_0.5168.jpg,[画像43-2]_230421_85_num5_0.5602.jpg,43,230421,84,43,230421,85,OK,
230,[画像43-1]_230421_84_num1_0.5671.jpg,[画像43-2]_230421_85_num3_0.6223.jpg,43,230421,84,43,230421,85,OK,
231,[画像44-1]_230421_86_num0_0.5975.jpg,[画像44-2]_230421_87_num1_0.6284.jpg,44,230421,86,44,230421,87,OK,
232,[画像44-1]_230421_86_num4_0.4625.jpg,[画像44-2]_230421_87_num3_0.5566.jpg,44,230421,86,44,230421,87,OK,
233,[画像44-1]_230421_86_num1_0.5519.jpg,[画像44-2]_230421_87_num2_0.5861.jpg,44,230421,86,44,230421,87,OK,
234,[画像44-1]_230421_86_num2_0.5462.jpg,[画像44-2]_230421_87_num0_0.6253.jpg,44,230421,86,44,230421,87,OK,
235,[画像44-1]_230421_86_num3_0.5387.jpg,[画像44-2]_230421_87_num4_0.5360.jpg,44,230421,86,44,230421,87,OK,
236,nan,nan,,,,,,,MISSING_BOTH,both empty or unparsable
237,[画像45-1]_230421_88_num0_0.6483.jpg,[画像45-2]_230421_89_num0_0.7153.jpg,45,230421,88,45,230421,89,OK,
238,nan,nan,,,,,,,MISSING_BOTH,both empty or unparsable
239,nan,nan,,,,,,,MISSING_BOTH,both empty or unparsable
240,[画像45-1]_230421_88_num3_0.5070.jpg,[画像45-2]_230421_89_num2_0.6337.jpg,45,230421,88,45,230421,89,OK,
241,[画像45-1]_230421_88_num2_0.5951.jpg,[画像45-2]_230421_89_num3_0.6760.jpg,45,230421,88,45,230421,89,OK,
242,[画像45-1]_230421_88_num1_0.5753.jpg,[画像45-2]_230421_89_num1_0.6718.jpg,45,230421,88,45,230421,89,OK,
243,[画像45-1]_230421_88_num4_0.4389.jpg,[画像45-2]_230421_89_numn_0.0000.jpg,45,230421,88,,,,MISSING_AFTER,after empty or unparsable
244,[画像46-1]_230421_90_num1_0.6499.jpg,[画像46-2]_230421_91_num1_0.7139.jpg,46,230421,90,46,230421,91,OK,
245,[画像46-1]_230421_90_num2_0.6725.jpg,[画像46-2]_230421_91_num2_0.6762.jpg,46,230421,90,46,230421,91,OK,
246,[画像46-1]_230421_90_num3_0.6045.jpg,[画像46-2]_230421_91_num3_0.6721.jpg,46,230421,90,46,230421,91,OK,
247,[画像46-1]_230421_90_num4_0.5639.jpg,[画像46-2]_230421_91_num4_0.6216.jpg,46,230421,90,46,230421,91,OK,
248,[画像46-1]_230421_90_num0_0.6728.jpg,[画像46-2]_230421_91_num0_0.7375.jpg,46,230421,90,46,230421,91,OK,
249,[画像47-1]_230421_92_num1_0.6164.jpg,[画像47-2]_230421_93_num1_0.5982.jpg,47,230421,92,47,230421,93,OK,
250,[画像47-1]_230421_92_num0_0.6920.jpg,[画像47-2]_230421_93_num0_0.7214.jpg,47,230421,92,47,230421,93,OK,
251,[画像47-1]_230421_92_num2_0.6014.jpg,[画像47-2]_230421_93_num3_0.6207.jpg,47,230421,92,47,230421,93,OK,
252,[画像47-1]_230421_92_num3_0.6050.jpg,[画像47-2]_230421_93_num2_0.6661.jpg,47,230421,92,47,230421,93,OK,
253,[画像48-1]_230421_95_num2_0.6056.jpg,[画像48-2]_230421_94_num1_0.6741.jpg,48,230421,95,48,230421,94,OK,
254,[画像48-1]_230421_95_num3_0.5301.jpg,[画像48-2]_230421_94_num3_0.6131.jpg,48,230421,95,48,230421,94,OK,
255,[画像48-1]_230421_95_num1_0.5959.jpg,[画像48-2]_230421_94_num2_0.6342.jpg,48,230421,95,48,230421,94,OK,
256,[画像48-1]_230421_95_num0_0.6657.jpg,[画像48-2]_230421_94_num0_0.7025.jpg,48,230421,95,48,230421,94,OK,
257,nan,nan,,,,,,,MISSING_BOTH,both empty or unparsable
258,[画像49-1]_230421_97_num1_0.6729.jpg,[画像49-2]_230421_96_num2_0.6981.jpg,49,230421,97,49,230421,96,OK,
259,[画像49-1]_230421_97_num0_0.7069.jpg,[画像49-2]_230421_96_num0_0.7337.jpg,49,230421,97,49,230421,96,OK,
260,[画像49-1]_230421_97_num4_0.6531.jpg,[画像49-2]_230421_96_num4_0.6756.jpg,49,230421,97,49,230421,96,OK,
261,[画像49-1]_230421_97_num2_0.6962.jpg,[画像49-2]_230421_96_num1_0.7190.jpg,49,230421,97,49,230421,96,OK,
262,[画像49-1]_230421_97_num3_0.6610.jpg,[画像49-2]_230421_96_num3_0.6884.jpg,49,230421,97,49,230421,96,OK,
263,[画像50-1]_230421_99_num3_0.6102.jpg,[画像50-2]_230421_98_num1_0.6599.jpg,50,230421,99,50,230421,98,OK,
264,[画像50-1]_230421_99_num0_0.7183.jpg,[画像50-2]_230421_98_num2_0.7317.jpg,50,230421,99,50,230421,98,OK,
265,[画像50-1]_230421_99_num2_0.6366.jpg,[画像50-2]_230421_98_num3_0.6403.jpg,50,230421,99,50,230421,98,OK,
266,[画像50-1]_230421_99_num1_0.6305.jpg,[画像50-2]_230421_98_num0_0.6503.jpg,50,230421,99,50,230421,98,OK,
267,nan,nan,,,,,,,MISSING_BOTH,both empty or unparsable
268,[画像51-1]_230421_101_num3_0.5629.jpg,[画像51-2]_230421_100_num2_0.6988.jpg,51,230421,101,51,230421,100,OK,
269,[画像51-1]_230421_101_num0_0.7550.jpg,[画像51-2]_230421_100_num0_0.8068.jpg,51,230421,101,51,230421,100,OK,
270,[画像51-1]_230421_101_num2_0.6031.jpg,[画像51-2]_230421_100_num1_0.7029.jpg,51,230421,101,51,230421,100,OK,
271,[画像51-1]_230421_101_num1_0.6014.jpg,[画像51-2]_230421_100_num3_0.7043.jpg,51,230421,101,51,230421,100,OK,
272,nan,nan,,,,,,,MISSING_BOTH,both empty or unparsable
273,[画像52-1]_230421_102_num1_0.6631.jpg,[画像52-2]_230421_103_num1_0.7307.jpg,52,230421,102,52,230421,103,OK,
274,[画像52-1]_230421_102_num0_0.6577.jpg,[画像52-2]_230421_103_num0_0.7187.jpg,52,230421,102,52,230421,103,OK,
275,[画像52-1]_230421_102_num2_0.5640.jpg,[画像52-2]_230421_103_num2_0.6845.jpg,52,230421,102,52,230421,103,OK,
276,[画像52-1]_230421_102_num3_0.4811.jpg,[画像52-2]_230421_103_num3_0.5812.jpg,52,230421,102,52,230421,103,OK,
277,nan,nan,,,,,,,MISSING_BOTH,both empty or unparsable
278,nan,nan,,,,,,,MISSING_BOTH,both empty or unparsable
279,[画像53-1]_230421_104_num0_0.6788.jpg,[画像53-2]_230421_105_num0_0.7199.jpg,53,230421,104,53,230421,105,OK,
280,[画像53-1]_230421_104_num3_0.5645.jpg,[画像53-2]_230421_105_num1_0.6670.jpg,53,230421,104,53,230421,105,OK,
281,[画像53-1]_230421_104_num2_0.5333.jpg,[画像53-2]_230421_105_num2_0.5834.jpg,53,230421,104,53,230421,105,OK,
282,[画像53-1]_230421_104_num1_0.5339.jpg,[画像53-2]_230421_105_num3_0.6505.jpg,53,230421,104,53,230421,105,OK,
283,nan,nan,,,,,,,MISSING_BOTH,both empty or unparsable
284,[画像54-1]_230421_106_num1_0.4313.jpg,[画像54-2]_230421_107_num3_0.5678.jpg,54,230421,106,54,230421,107,OK,
285,[画像54-1]_230421_106_num0_0.4913.jpg,[画像54-2]_230421_107_num1_0.5853.jpg,54,230421,106,54,230421,107,OK,
286,[画像54-1]_230421_106_num3_0.4180.jpg,[画像54-2]_230421_107_num2_0.5728.jpg,54,230421,106,54,230421,107,OK,
287,[画像54-1]_230421_106_num2_0.4137.jpg,[画像54-2]_230421_107_num0_0.5810.jpg,54,230421,106,54,230421,107,OK,
288,nan,nan,,,,,,,MISSING_BOTH,both empty or unparsable
289,nan,nan,,,,,,,MISSING_BOTH,both empty or unparsable
290,[画像55-1]_230421_108_num0_0.6102.jpg,[画像55-2]_230421_109_num2_0.6987.jpg,55,230421,108,55,230421,109,OK,
291,[画像55-1]_230421_108_num1_0.6115.jpg,[画像55-2]_230421_109_num0_0.7206.jpg,55,230421,108,55,230421,109,OK,
292,[画像55-1]_230421_108_num2_0.6175.jpg,[画像55-2]_230421_109_num1_0.7140.jpg,55,230421,108,55,230421,109,OK,
293,[画像55-1]_230421_108_num3_0.5648.jpg,[画像55-2]_230421_109_num3_0.6551.jpg,55,230421,108,55,230421,109,OK,
294,[画像55-1]_230421_108_num4_0.5147.jpg,[画像55-2]_230421_109_num4_0.5933.jpg,55,230421,108,55,230421,109,OK,
295,nan,nan,,,,,,,MISSING_BOTH,both empty or unparsable
296,[画像56-1]_230421_110_num0_0.6621.jpg,[画像56-2]_230421_111_num1_0.6849.jpg,56,230421,110,56,230421,111,OK,
297,nan,nan,,,,,,,MISSING_BOTH,both empty or unparsable
298,[画像56-1]_230421_110_num1_0.6613.jpg,[画像56-2]_230421_111_num0_0.7200.jpg,56,230421,110,56,230421,111,OK,
299,[画像56-1]_230421_110_num2_0.5364.jpg,[画像56-2]_230421_111_num2_0.6134.jpg,56,230421,110,56,230421,111,OK,
300,[画像57-1]_230421_112_num3_0.6040.jpg,[画像57-2]_230421_113_num3_0.6610.jpg,57,230421,112,57,230421,113,OK,
301,[画像57-1]_230421_112_num0_0.7139.jpg,[画像57-2]_230421_113_num0_0.7839.jpg,57,230421,112,57,230421,113,OK,
302,[画像57-1]_230421_112_num1_0.6210.jpg,[画像57-2]_230421_113_num1_0.7120.jpg,57,230421,112,57,230421,113,OK,
303,[画像57-1]_230421_112_num2_0.6122.jpg,[画像57-2]_230421_113_num2_0.6884.jpg,57,230421,112,57,230421,113,OK,
304,[画像58-1]_230421_114_num2_0.6163.jpg,[画像58-2]_230421_115_num2_0.6529.jpg,58,230421,114,58,230421,115,OK,
305,[画像58-1]_230421_114_num0_0.6197.jpg,[画像58-2]_230421_115_num0_0.7159.jpg,58,230421,114,58,230421,115,OK,
306,[画像58-1]_230421_114_num3_0.5831.jpg,[画像58-2]_230421_115_num1_0.6707.jpg,58,230421,114,58,230421,115,OK,
307,[画像58-1]_230421_114_num1_0.5898.jpg,[画像58-2]_230421_115_num3_0.5615.jpg,58,230421,114,58,230421,115,OK,
308,[画像59-1]_230421_116_num4_0.5896.jpg,[画像59-2]_230421_117_num4_0.4663.jpg,59,230421,116,59,230421,117,OK,
309,[画像59-1]_230421_116_num0_0.6319.jpg,[画像59-2]_230421_117_num3_0.6294.jpg,59,230421,116,59,230421,117,OK,
310,[画像59-1]_230421_116_num3_0.5981.jpg,[画像59-2]_230421_117_num2_0.6540.jpg,59,230421,116,59,230421,117,OK,
311,[画像59-1]_230421_116_num1_0.6003.jpg,[画像59-2]_230421_117_num1_0.6833.jpg,59,230421,116,59,230421,117,OK,
312,[画像59-1]_230421_116_num2_0.5932.jpg,[画像59-2]_230421_117_num0_0.6962.jpg,59,230421,116,59,230421,117,OK,
313,[画像60-1]_230421_118_num1_0.7062.jpg,[画像60-2]_230421_119_num3_0.7053.jpg,60,230421,118,60,230421,119,OK,
314,[画像60-1]_230421_118_num2_0.6802.jpg,[画像60-2]_230421_119_num1_0.7167.jpg,60,230421,118,60,230421,119,OK,
315,[画像60-1]_230421_118_num3_0.7073.jpg,[画像60-2]_230421_119_num4_0.7304.jpg,60,230421,118,60,230421,119,OK,
316,[画像60-1]_230421_118_num4_0.6727.jpg,[画像60-2]_230421_119_num2_0.6826.jpg,60,230421,118,60,230421,119,OK,
317,[画像60-1]_230421_118_num0_0.7131.jpg,[画像60-2]_230421_119_num0_0.7368.jpg,60,230421,118,60,230421,119,OK,
318,[画像61-1]_230421_120_num3_0.5033.jpg,[画像61-2]_230421_121_num1_0.6893.jpg,61,230421,120,61,230421,121,OK,
319,[画像61-1]_230421_120_num0_0.5769.jpg,[画像61-2]_230421_121_num0_0.7469.jpg,61,230421,120,61,230421,121,OK,
320,[画像61-1]_230421_120_num2_0.4698.jpg,[画像61-2]_230421_121_num2_0.6858.jpg,61,230421,120,61,230421,121,OK,
321,[画像61-1]_230421_120_num1_0.4434.jpg,[画像61-2]_230421_121_num3_0.6369.jpg,61,230421,120,61,230421,121,OK,
322,[画像62-1]_230421_122_num3_0.5003.jpg,[画像62-2]_230421_123_num1_0.7318.jpg,62,230421,122,62,230421,123,OK,
323,[画像62-1]_230421_122_num0_0.6199.jpg,[画像62-2]_230421_123_num0_0.7671.jpg,62,230421,122,62,230421,123,OK,
324,[画像62-1]_230421_122_num1_0.5692.jpg,[画像62-2]_230421_123_num2_0.7280.jpg,62,230421,122,62,230421,123,OK,
325,[画像62-1]_230421_122_num2_0.5220.jpg,[画像62-2]_230421_123_num3_0.6652.jpg,62,230421,122,62,230421,123,OK,
326,[画像63-1]_230421_124_num1_0.5923.jpg,[画像63-2]_230421_125_num3_0.6985.jpg,63,230421,124,63,230421,125,OK,
327,[画像63-1]_230421_124_num0_0.6422.jpg,[画像63-2]_230421_125_num0_0.7386.jpg,63,230421,124,63,230421,125,OK,
328,[画像63-1]_230421_124_num2_0.5658.jpg,[画像63-2]_230421_125_num1_0.7149.jpg,63,230421,124,63,230421,125,OK,
329,[画像63-1]_230421_124_num4_0.5224.jpg,[画像63-2]_230421_125_num4_0.6826.jpg,63,230421,124,63,230421,125,OK,
330,[画像63-1]_230421_124_num3_0.5495.jpg,[画像63-2]_230421_125_num2_0.6966.jpg,63,230421,124,63,230421,125,OK,
331,nan,nan,,,,,,,MISSING_BOTH,both empty or unparsable
332,[画像64-1]_230421_126_num1_0.6620.jpg,[画像64-2]_230421_127_num0_0.7426.jpg,64,230421,126,64,230421,127,OK,
333,nan,nan,,,,,,,MISSING_BOTH,both empty or unparsable
334,nan,nan,,,,,,,MISSING_BOTH,both empty or unparsable
335,nan,nan,,,,,,,MISSING_BOTH,both empty or unparsable
336,[画像64-1]_230421_126_num0_0.6024.jpg,[画像64-2]_230421_127_num1_0.7443.jpg,64,230421,126,64,230421,127,OK,
337,[画像64-1]_230421_126_num3_0.5448.jpg,[画像64-2]_230421_127_num2_0.7094.jpg,64,230421,126,64,230421,127,OK,
338,[画像64-1]_230421_126_num2_0.5753.jpg,[画像64-2]_230421_127_num3_0.6983.jpg,64,230421,126,64,230421,127,OK,
339,nan,nan,,,,,,,MISSING_BOTH,both empty or unparsable
340,[画像65-1]_230421_128_num0_0.7131.jpg,[画像65-2]_230421_129_num1_0.7091.jpg,65,230421,128,65,230421,129,OK,
341,[画像65-1]_230421_128_num1_0.6529.jpg,[画像65-2]_230421_129_num2_0.6908.jpg,65,230421,128,65,230421,129,OK,
342,nan,nan,,,,,,,MISSING_BOTH,both empty or unparsable
343,[画像65-1]_230421_128_num2_0.6728.jpg,[画像65-2]_230421_129_num0_0.7600.jpg,65,230421,128,65,230421,129,OK,
344,[画像65-1]_230421_128_num3_0.5925.jpg,[画像65-2]_230421_129_num3_0.6816.jpg,65,230421,128,65,230421,129,OK,
345,[画像66-1]_230421_130_num0_0.6430.jpg,[画像66-2]_230421_131_num4_0.7215.jpg,66,230421,130,66,230421,131,OK,
346,nan,nan,,,,,,,MISSING_BOTH,both empty or unparsable
347,nan,nan,,,,,,,MISSING_BOTH,both empty or unparsable
348,[画像66-1]_230421_130_num1_0.5690.jpg,[画像66-2]_230421_131_num1_0.7057.jpg,66,230421,130,66,230421,131,OK,
349,nan,nan,,,,,,,MISSING_BOTH,both empty or unparsable
350,[画像66-1]_230421_130_num2_0.5722.jpg,[画像66-2]_230421_131_num0_0.7393.jpg,66,230421,130,66,230421,131,OK,
351,[画像66-1]_230421_130_num3_0.5538.jpg,[画像66-2]_230421_131_num3_0.6687.jpg,66,230421,130,66,230421,131,OK,
352,[画像66-1]_230421_130_num4_0.5364.jpg,[画像66-2]_230421_131_num2_0.7061.jpg,66,230421,130,66,230421,131,OK,
353,[画像67-1]_230421_132_num3_0.6364.jpg,[画像67-2]_230421_133_num2_0.7199.jpg,67,230421,132,67,230421,133,OK,
354,[画像67-1]_230421_132_num0_0.6489.jpg,[画像67-2]_230421_133_num0_0.7394.jpg,67,230421,132,67,230421,133,OK,
355,[画像67-1]_230421_132_num1_0.5925.jpg,[画像67-2]_230421_133_num1_0.7199.jpg,67,230421,132,67,230421,133,OK,
356,[画像67-1]_230421_132_num2_0.5570.jpg,[画像67-2]_230421_133_num3_0.6260.jpg,67,230421,132,67,230421,133,OK,
357,nan,nan,,,,,,,MISSING_BOTH,both empty or unparsable
358,[画像68-1]_230421_134_num2_0.4703.jpg,[画像68-2]_230421_135_num3_0.6483.jpg,68,230421,134,68,230421,135,OK,
359,[画像68-1]_230421_134_num0_0.5368.jpg,[画像68-2]_230421_135_num0_0.6905.jpg,68,230421,134,68,230421,135,OK,
360,[画像68-1]_230421_134_num1_0.4946.jpg,[画像68-2]_230421_135_num1_0.6711.jpg,68,230421,134,68,230421,135,OK,
361,[画像68-1]_230421_134_num3_0.4306.jpg,[画像68-2]_230421_135_num2_0.5082.jpg,68,230421,134,68,230421,135,OK,
362,nan,nan,,,,,,,MISSING_BOTH,both empty or unparsable
363,[画像69-1]_230421_136_num2_0.5574.jpg,[画像69-2]_230421_137_num0_0.7252.jpg,69,230421,136,69,230421,137,OK,
364,[画像69-1]_230421_136_num0_0.6722.jpg,[画像69-2]_230421_137_num1_0.7687.jpg,69,230421,136,69,230421,137,OK,
365,[画像69-1]_230421_136_num1_0.5939.jpg,[画像69-2]_230421_137_num2_0.7003.jpg,69,230421,136,69,230421,137,OK,
366,[画像69-1]_230421_136_num3_0.5799.jpg,[画像69-2]_230421_137_num3_0.6810.jpg,69,230421,136,69,230421,137,OK,
367,nan,nan,,,,,,,MISSING_BOTH,both empty or unparsable
368,[画像70-1]_230421_138_num1_0.6588.jpg,[画像70-2]_230421_139_num1_0.7391.jpg,70,230421,138,70,230421,139,OK,
369,[画像70-1]_230421_138_num0_0.5895.jpg,[画像70-2]_230421_139_num2_0.6895.jpg,70,230421,138,70,230421,139,OK,
370,[画像70-1]_230421_138_num2_0.6073.jpg,[画像70-2]_230421_139_num0_0.7324.jpg,70,230421,138,70,230421,139,OK,
371,[画像70-1]_230421_138_num3_0.5488.jpg,[画像70-2]_230421_139_num3_0.6730.jpg,70,230421,138,70,230421,139,OK,
372,[画像71-1]_230421_141_num1_0.5848.jpg,[画像71-2]_230421_140_num1_0.6930.jpg,71,230421,141,71,230421,140,OK,
373,[画像71-1]_230421_141_num0_0.6509.jpg,[画像71-2]_230421_140_num0_0.7080.jpg,71,230421,141,71,230421,140,OK,
374,[画像71-1]_230421_141_num3_0.5301.jpg,[画像71-2]_230421_140_num2_0.6505.jpg,71,230421,141,71,230421,140,OK,
375,[画像71-1]_230421_141_num2_0.5660.jpg,[画像71-2]_230421_140_num3_0.5303.jpg,71,230421,141,71,230421,140,OK,
376,nan,nan,,,,,,,MISSING_BOTH,both empty or unparsable
